order_id,order_date,customer,category,amount,reject_reason
1,2023-10-09,  Eduarda Duarte,Esportes,-,valor inválido
17,2023-02-22,  Nuno Jesus,outros,"1.324,20",categoria desconhecida
ORD-1023,2024-02-04,Nuno Santos,Esporte,"R$ 1.378,87",order_id inválido
29,2024-13-30,Mariana Teixeira,eletro,"R$ 270,27",data inválida
47,2024-04-29,Mariana Nogueira,Moda,n/a,valor inválido
52,09/10/2023,"",Eletrônicos,"4.515,70",cliente ausente
55,2024-02-09,"",Livros,"1.917,06",cliente ausente
82,18/08/2024,Karina Esteves,misc,"4.154,46",categoria desconhecida
85,2023-10-30,Vitória Oliveira,Livros,"-50,00",valor não positivo
89,2023-13-23,Paulo Almeida,Esporte,"R$ 3.066,85",data inválida
97,2024-06-05,Bruno Barbosa,misc,"2.295,29",categoria desconhecida
107,2019-07-16,Isabela Lopes,ESPORTE,"R$ 3.344,87",data fora do intervalo
121,2019-10-10,Ana Ribeiro,Esporte,"",data fora do intervalo; valor ausente
  132,2024-06-02,Nuno Santos,outros,"2.976,59",categoria desconhecida
145,17/02/2023,Olívia Almeida,Moda,"",valor ausente
0,2023-05-04,Nuno Esteves,Moda,USD 1580.11,order_id inválido
151,2023-03-11,"",Eletrônicos,"3.568,15",cliente ausente
155,29/04/2023,Rafael Almeida,diversos,"R$ 1.926,79",categoria desconhecida
157,2024-04-12,"",Esporte,"1.853,57",cliente ausente
158,2024-02-24,Sofia Martins,Eletrônicos,"",valor ausente
  162,2023-02-20,  Isabela Ferreira,outros,"R$ 2.759,01",categoria desconhecida
166,2024-13-26,Tiago Henriques,ELETRONICOS,"R$ 4.587,03",data inválida
180,2024-11-01,Vitória Queiroz,outros  ,"R$ 3.409,74",categoria desconhecida
191,2023-04-01,Nuno Oliveira,Livros,-,valor inválido
192,2019-05-08,Lucas Klein,Livros,USD 247.54,data fora do intervalo
193,2024-13-16,Gabriela Ferreira,livros,USD 3674.94,data inválida
196,2023-08-29  ,"",Eletrônicos,USD 468.43,cliente ausente
202,2024-05-25,Diego Queiroz,eletro,-,valor inválido
218,2023-05-28 10:30:00,Lucas Almeida,esporte,"",valor ausente
"",30/12/2024,Nuno  Jesus,Moda,"2.237,38",order_id inválido
224,30/05/2023,Paulo Martins,outros,"1.185,10",categoria desconhecida
228,2024-10-14 10:30:00,"",Casa,"R$ 2.367,11",cliente ausente
232,2019-12-02,Karina Oliveira,Moda,"2.689,22",data fora do intervalo
249,15/05/2023,Felipe Almeida,outros,"2.390,72",categoria desconhecida
251,2019-09-09,Paulo Klein,"","R$ 1.171,14",data fora do intervalo
265,2023-13-06,"",Moda,n/a,data inválida; cliente ausente; valor inválido
274,Jan 23 2023,Rafael Klein,Livros,"",valor ausente
279,May 18 2024,Felipe Gomes,Livros,"",valor ausente
281,2023-04-22,Bruno Henriques  ,Livros,n/a,valor inválido
290,2023-01-07,Karina Lopes,Esporte,-,valor inválido
305,2023-01-08,Henrique Ribeiro  ,Esporte,-,valor inválido
306,2023-13-14,Carla Ribeiro  ,eletronicos,"2.905,93",data inválida
310,29/06/2024,Mariana Queiroz,Esporte,"",valor ausente
319,2024-11-25,Sofia  Esteves,Moda,-,valor inválido
322,Mar 24 2023,"",Eletrônicos,"3.472,92",cliente ausente
324,2024-13-03,Gabriela  Jesus,diversos,"R$ 4.842,53",data inválida; categoria desconhecida
330,2023-13-17,João Ferreira,Esporte,n/a,data inválida; valor inválido
  335,2024-11-29,Eduarda Queiroz,Livros,-,valor inválido
337,14/06/2023,João Ferreira,moda,"-50,00",valor não positivo
349,30/08/2024,Diego Jesus,outros,"3.915,40",categoria desconhecida
360,2024-13-22,Karina Teixeira,livraria,"4.060,23",data inválida
381,2024-12-25,Olívia Jesus,Eletrônicos,"-50,00",valor não positivo
393,2024-13-03,Lucas Ferreira,esporte,USD 1148.61,data inválida
418,09/04/2024,"",Eletrônicos,"R$  2.045,78",cliente ausente
433,30/11/2024,Gabriela Vasconcelos,Esporte,"",valor ausente
434,2024-11-02,"",Moda,"R$ 1.064,89",cliente ausente
438,2024-06-14,"",Livros,USD 2103.22,cliente ausente
445,2023-09-02,  Ana Oliveira,"","",valor ausente
453,2024-05-08,"",Eletrônicos,"780,70",cliente ausente
0,2023-05-23,Diego Ribeiro,Moda,"R$ 2.385,97  ",order_id inválido
472,2019-10-22,Eduarda Nogueira,Livros,$ 1790.39,data fora do intervalo
487,2019-11-20,  Gabriela Klein,Esporte,n/a,data fora do intervalo; valor inválido
488,2019-04-06,Ana Duarte,MODA,"54,31",data fora do intervalo
499,2023-10-02,  Felipe Henriques,diversos,"R$ 4.710,44",categoria desconhecida
"",2024-04-30,Diego Barbosa,Casa,"R$ 1.487,23",order_id inválido
516,2024-02-05,  Eduarda Duarte,esporte,n/a,valor inválido
521,  2019-02-23,Felipe Teixeira,eletro,"2.352,55",data fora do intervalo
522,2023-12-03,Karina Vasconcelos,LIVRO,-,valor inválido
  523,2024-01-06,Paulo  Gomes,diversos,"1.363,50",categoria desconhecida
530,  2023-08-18 10:30:00,Isabela Jesus,Livros,"",valor ausente
536,2023-09-18,Gabriela Vasconcelos,"",  -,valor inválido
552,2024-05-15,Paulo Duarte  ,diversos,"4.179,24",categoria desconhecida
557,2019-06-30,Ana Barbosa,Casa,"4.792,49",data fora do intervalo
563,2023-03-10,"",Eletrônicos,USD 142.67,cliente ausente
570,2024-13-10,Gabriela Jesus,casa_decoracao,"R$ 4.046,36",data inválida
572,2023-05-11,João Duarte,  Modas,n/a,valor inválido
580,2023-03-28,Vitória Nogueira,Livros,"0,00  ",valor não positivo
582,2024-13-01,Tiago Teixeira,Casa e Decoração,"1.206,06",data inválida
596,2023-07-19,"",Eletrônicos,"R$ 2.143,50",cliente ausente
605,2024-01-22,Eduarda Jesus,eletro,-,valor inválido
617,2023-13-15  ,Felipe Almeida,Casa,"",data inválida; valor ausente
618,2024-10-24,Paulo Nogueira,misc,"304,84",categoria desconhecida
623,15/07/2023,Eduarda Klein,misc,"R$ 2.833,29",categoria desconhecida
629,2023-07-09,Gabriela Oliveira,Modas,"",valor ausente
637,14/04/2023,Carla Lopes  ,Casa,n/a,valor inválido
638  ,2024-13-22,Henrique Barbosa,LIVRO,"944,59",data inválida
639,2023-05-13  ,Olívia Vasconcelos,casa,"",valor ausente
656,2024-08-05,"",Eletrônicos,"2.952,28",cliente ausente
665,19/02/2023,Bruno Ribeiro,Esporte,n/a,valor inválido
667,14/12/2023,Nuno Almeida,Casa e Decoração,"",valor ausente
689  ,Aug 10 2024  ,Bruno Nogueira,Livros,-,valor inválido
694,2023-13-27,Henrique Henriques,Livros,$ 1233.21,data inválida
ORD-1023,2024-08-04,Carla Ferreira,Esporte,"502,70",order_id inválido
707,2023-11-18,Sofia Almeida,outros,"2.697,48",categoria desconhecida
726,2023-11-10,Nuno Lopes  ,misc,"R$ 3.303,17",categoria desconhecida
759,15/03/2023,Olívia Duarte,Casa,"",valor ausente
760,Oct 12 2024,Bruno Queiroz,Livros,n/a,valor inválido
761,2024-12-02 10:30:00,Ana Nogueira,outros  ,$ 1275.41,categoria desconhecida
762,2023-13-05,Sofia Pereira,livraria,"3.907,76",data inválida
763,19/02/2023,Diego Ribeiro,livros  ,n/a,valor inválido
0,  30/06/2023,Bruno Klein,Casa,"3.574,12",order_id inválido
  798,2023-02-22,"",Modas,"3.505,19",cliente ausente
804,Jul 04 2023,Ana Martins,Esporte,"",valor ausente
807,2024-02-09,Rafael Henriques,outros,$  257.72,categoria desconhecida
813,2023-11-26,Gabriela Barbosa,diversos,"",categoria desconhecida; valor ausente
819,26/04/2024,Eduarda Ferreira,Esportes,"",valor ausente
840,2023-02-11,Olívia Almeida,diversos,"",categoria desconhecida; valor ausente
850,2024-04-17,Nuno Santos,  Esporte,"",valor ausente
862,2023-13-04,Nuno Duarte,Esporte,"R$ 4.247,02",data inválida
  868,29/01/2024,Felipe Teixeira,  Esportes,n/a,valor inválido
890,2023-05-20,Ana Barbosa,outros,"R$ 3.243,07",categoria desconhecida
899,Mar 25 2024,"",livros,"2.986,92",cliente ausente
909,2023-13-25  ,Lucas Vasconcelos,  Moda,$ 3104.08,data inválida
910,2023-04-20,Isabela Ferreira,Eletrônico,-,valor inválido
  912,2019-01-23,  Diego Ribeiro,vestuario,USD 2004.76,data fora do intervalo
  913,2023-06-01,Diego Lopes,  livraria,"-50,00",valor não positivo
915,2023-13-25,Felipe Pereira,  Livros,$ 1778.69,data inválida
  920,Nov 07 2024,Gabriela Pereira,outros,"R$ 873,96",categoria desconhecida
925,2023-08-23,Isabela Carvalho,LIVRO,"0,00",valor não positivo
926,2023-04-20,Olívia Teixeira,livraria,"-50,00",valor não positivo
0,2023-08-16 10:30:00,Mariana Santos,Moda,$ 1307.15,order_id inválido
"",2023-13-14,Karina Santos,Livros,USD 844.31,order_id inválido; data inválida
"",2024-10-28,Eduarda Klein,esporte,"1.887,28",order_id inválido
0,2023-07-11,Eduarda Klein,  Livros,"R$ 2.379,74",order_id inválido
940,2024-05-30,Isabela  Santos,Livros,"",valor ausente
950,28/11/2024,Mariana Henriques,diversos,"2.710,84",categoria desconhecida
966,2023-07-24,Olívia Carvalho,Esporte,"",valor ausente
975  ,2024-03-26,Vitória Lopes,outros,"-50,00",categoria desconhecida; valor não positivo
988,2019-04-01,Vitória Klein,MODA,USD 1407.80,data fora do intervalo
990,  2024-01-17,Bruno Esteves,Livros,"-50,00",valor não positivo
1001,2023-13-20,Tiago Duarte,LIVRO,"1.338,23  ",data inválida
1007,2024-09-29,Eduarda Ribeiro,Moda,-,valor inválido
1014,2023-08-30  ,"",Moda,"R$ 3.272,25",cliente ausente
1022,2024-12-08,Isabela Lopes,outros,"R$ 1.118,24",categoria desconhecida
1023,2024-10-12,Lucas Esteves,livros,"-50,00",valor não positivo
1028,2023-12-11,Tiago Esteves,moda,"-50,00",valor não positivo
ORD-1023,2023-03-22  10:30:00,Vitória Gomes,  Casa,"R$ 3.484,17",order_id inválido
1034  ,2023-06-13,Eduarda Ribeiro,Esporte,"",valor ausente
1036,Feb 28 2023,Lucas Gomes,diversos,"R$ 2.788,92",categoria desconhecida
1048,2024-10-23,Karina Duarte,  eletronicos,"  0,00",valor não positivo
1050,20/11/2024,"",Moda,"2.221,88",cliente ausente
1054  ,2023-04-09,"",Casa,"4.496,83",cliente ausente
1057,2023-04-22 10:30:00,"",Moda,"1.143,23",cliente ausente
1061,2023-06-16,Henrique Vasconcelos,Livros,"",valor ausente
1068,2024-13-18,Bruno Ribeiro,Eletrônicos,USD 4392.48,data inválida
1078,2023-12-02,Paulo Ribeiro,misc,$ 2135.30,categoria desconhecida
1085,2024-09-24,Tiago Ferreira,Livros,"-50,00",valor não positivo
1086,2024-11-03,Rafael Santos,Livros,"",valor ausente
  1088,2023-03-02,Karina Santos,Esporte,"-50,00  ",valor não positivo
  1102,2024-03-05,Sofia Vasconcelos,diversos,"R$ 513,91",categoria desconhecida
1106,2023-13-29,João  Klein,MODA,"R$ 737,24",data inválida
1109,2024-13-20,Vitória Santos,Casa,"4.902,73",data inválida
1115,2024-05-06,  Mariana Henriques,diversos,"4.861,78",categoria desconhecida
1120,2024-07-16,  Nuno Carvalho,Casa,"",valor ausente
1143,2024-01-28,"",Casa,"R$ 3.862,28",cliente ausente
1150  ,14/05/2023,Gabriela Ferreira,diversos,"R$ 2.420,55",categoria desconhecida
1154,2024-03-27,Isabela Pereira,Moda,"",valor ausente
1156,02/11/2023,Tiago Oliveira,outros,"3.235,81",categoria desconhecida
1158,Aug 01 2024,Felipe Vasconcelos  ,diversos,"3.886,82",categoria desconhecida
1168,2024-07-09,Nuno Jesus,misc,"3.925,45",categoria desconhecida
1179,27/06/2023,Nuno Jesus,Eletrônicos,"",valor ausente
1193,  2023-12-03,"",eletronicos,"R$ 2.072,62",cliente ausente
1202,2023-05-12,"",Eletrônicos,"R$ 2.052,28",cliente ausente
1206,2024-10-12,Paulo Esteves,misc,"R$ 4.166,61",categoria desconhecida
1215,2023-13-12,Sofia Esteves,esporte,"818,14",data inválida
1222,2024-04-04,"",  Esporte,"R$ 1.978,53",cliente ausente
0,2023-07-10,Paulo Queiroz,Eletrônicos,USD 3218.42,order_id inválido
1245,Mar 31 2024  ,Mariana Duarte,misc,"R$ 2.097,09",categoria desconhecida
0,  04/10/2023,Bruno Henriques,Casa,"R$ 1.673,58",order_id inválido
1282,20/07/2023,"",diversos,"2.520,42",cliente ausente; categoria desconhecida
1284  ,2023-05-12,Eduarda  Jesus,outros,"669,63",categoria desconhecida
1298,2024-12-08  ,Bruno Carvalho  ,Livros,n/a,valor inválido
1306,Jan 03 2024,Vitória Klein,esporte,-,valor inválido
1309,2019-11-23,Nuno Oliveira,Eletrônicos,"R$ 519,26  ",data fora do intervalo
1320,2024-01-23,"",Casa,"R$ 1.123,38",cliente ausente
1325,2023-11-13 10:30:00,"",Esporte,$ 3972.92  ,cliente ausente
1354  ,07/03/2024,Diego Lopes,Esportes,  -,valor inválido
1366,2024-09-15,"",Esportes,USD 1630.43,cliente ausente
1370,2024-06-03,Bruno Queiroz,Esporte,n/a,valor inválido
1371,17/01/2023,Bruno Almeida,Livros,"",valor ausente
0,Mar 06 2023,Karina Santos,  Eletrônicos,"R$ 3.186,74",order_id inválido
1383,2024-06-10,Diego Ribeiro,Livros,"",valor ausente
1391,2023-13-07,Mariana Ribeiro,Livros,-,data inválida; valor inválido
  1396,2023-01-10 10:30:00,Nuno Henriques,  Casa,n/a,valor inválido
1407  ,2024-06-27,Felipe Barbosa,Moda,"",valor ausente
1416,2024-01-12  ,"",Livros,"607,51",cliente ausente
1427,2023-12-02,"",Casa,"R$ 3.911,27",cliente ausente
1431,2024-01-13,  Paulo Pereira,Livros,"0,00",valor não positivo
1440,2019-08-25,Nuno Nogueira,Livros,"3.706,30",data fora do intervalo
  1449,2023-03-06,Bruno Gomes,outros,"2.672,88",categoria desconhecida
1453,2023-05-30,Gabriela Jesus,Eletrônicos,"",valor ausente
"",2023-09-15,Tiago Pereira,eletro,"4.049,77",order_id inválido
  1481,2024-13-14,Paulo Klein,  LIVRO,n/a,data inválida; valor inválido
1482,2024-01-28,Isabela Teixeira,misc  ,"R$ 4.720,96",categoria desconhecida
1503,2023-12-16,Felipe Queiroz,misc,"  4.696,75",categoria desconhecida
1504,2024-13-29,Olívia Martins,Casa,"R$ 3.954,63",data inválida
1505,16/08/2024,"",Livros,"R$ 4.216,54",cliente ausente
1508  ,2023-07-26,Gabriela Henriques,diversos,"R$ 1.164,02",categoria desconhecida
1509,2023-13-22,Ana Nogueira,vestuario,"3.896,27  ",data inválida
1512,2024-08-27,Felipe Duarte,Eletrônicos,-,valor inválido
1521,2023-13-14,João Santos,Moda,USD 3013.78,data inválida
1525,2023-02-03,Vitória Henriques,diversos,"4.153,47",categoria desconhecida
1528,2023-06-22,Felipe Klein,Moda,"",valor ausente
1538  ,2023-08-09,Nuno Almeida,  ESPORTE,-,valor inválido
0,2023-13-25,João Pereira,Moda,"R$ 2.340,71",order_id inválido; data inválida
1546,2023-13-30,Bruno Ribeiro,Eletrônicos,"1.059,44",data inválida
1549,2023-09-13  ,Henrique Klein,outros,"4.242,21",categoria desconhecida
1550,2024-10-06,Rafael Almeida,Livros,"0,00",valor não positivo
1553,2023-09-27,Vitória Henriques,livros,n/a,valor inválido
1568,2024-05-12,"",Esporte,USD 3483.41,cliente ausente
1578,2023-01-24,Gabriela Lopes,Eletrônicos,"",valor ausente
1581,10/07/2024,Mariana Henriques,misc,"R$ 847,07",categoria desconhecida
1593,2023-13-01,Gabriela Pereira,ESPORTE  ,"R$  2.069,68",data inválida
1599,2023-13-22,Ana Jesus,Esporte,"2.587,74",data inválida
1604  ,2023-02-04  ,Lucas Lopes  ,Livros,"0,00",valor não positivo
1611,26/04/2023,"",Eletrônicos,"R$ 229,64",cliente ausente
1617  ,2024-06-11,"",Livros,"R$ 2.893,98",cliente ausente
1625,17/06/2024,Mariana Ribeiro,casa_decoracao,-,valor inválido
1629,2019-06-19,Felipe Teixeira,Livros,USD 3055.94,data fora do intervalo
1630,2024-01-31,"",Moda,"R$ 2.746,67",cliente ausente
1633,2019-06-18,Nuno Ferreira  ,Casa,"R$ 1.059,51",data fora do intervalo
1635,2023-11-20,Diego Nogueira,misc,"R$ 1.511,19",categoria desconhecida
1639,2023-06-10,Sofia Klein,Eletrônicos,"0,00",valor não positivo
0,2023-05-26,Karina Santos,Moda,"R$ 1.385,90",order_id inválido
1673,2024-09-11,Nuno Martins  ,diversos,"R$ 3.471,28",categoria desconhecida
1690,2023-05-06,Sofia Gomes,Esporte,n/a,valor inválido
1695,09/04/2023,Sofia Henriques,Moda,-,valor inválido
1696,2024-01-07,Isabela Esteves,ESPORTE,n/a,valor inválido
1701,04/04/2023,"",Livros,"3.420,11",cliente ausente
1711,15/02/2024,"",Esporte,"  148,92",cliente ausente
  1725,2023-06-11,Paulo Klein,diversos,"R$ 2.495,71",categoria desconhecida
1726,04/02/2023,"",Esporte,"R$ 331,19",cliente ausente
1727,Aug 22 2023,Carla Gomes,Esportes,"",valor ausente
1735,05/05/2023,"",Casa,"R$ 4.338,10",cliente ausente
1740,2024-04-15,"",Livros,"82,25",cliente ausente
1744,2024-12-25,"",Moda,"492,16",cliente ausente
ORD-1023,2023-07-23,Isabela Queiroz,eletronicos,"R$ 2.631,81",order_id inválido
1755,13/05/2023,Lucas Henriques,Moda,"",valor ausente
1757,2024-02-21,  João Ribeiro,outros,$ 1122.33,categoria desconhecida
1758,2023-13-21,Karina Duarte,misc,"2.591,73",data inválida; categoria desconhecida
1760,2023-04-01,Paulo Oliveira,misc,"R$ 1.652,54",categoria desconhecida
1769,19/06/2023,Lucas Nogueira,  Eletrônicos,-,valor inválido
1783,2024-06-14 10:30:00,Sofia Martins,Eletrônicos  ,n/a,valor inválido
1792,16/04/2024,Sofia Almeida,outros,"R$ 675,97",categoria desconhecida
1795,2023-13-10,Tiago Ribeiro,Livros,"R$ 946,84",data inválida
1796,2024-06-01,Carla Queiroz,outros,"R$ 2.652,57",categoria desconhecida
1798,2023-01-07,Paulo Martins,Eletrônicos,"",valor ausente
1801,2023-11-18,Ana Martins,Livros,"0,00",valor não positivo
1805,2023-09-01,"",Casa,"283,47",cliente ausente
ORD-1023,2023-01-13,Karina Oliveira,Moda,"2.064,67",order_id inválido
1814,2023-04-25,Felipe Esteves,diversos,"1.215,67",categoria desconhecida
1832,  2023-06-22,Eduarda Almeida,Moda,n/a,valor inválido
1836,2023-13-11  ,"",Moda,"  811,21",data inválida; cliente ausente
1838,2024-12-05,Henrique Gomes,Casa,"",valor ausente
1857,2023-07-15,Tiago Ferreira,Esporte,n/a,valor inválido
1861,2024-12-10,"",Eletrônicos  ,n/a,cliente ausente; valor inválido
1862,2023-05-10 10:30:00,João Queiroz,  outros,"429,00",categoria desconhecida
0,2024-06-07,Mariana Klein,Moda,"R$ 1.837,30",order_id inválido
1884,2024-13-18,Gabriela Jesus,Casa,"816,10",data inválida
1885,2023-01-19,"",diversos,"R$ 3.148,05",cliente ausente; categoria desconhecida
1887  ,2023-07-21,"",Esporte,"R$ 4.431,33",cliente ausente
ORD-1023,Jul 04 2024,Vitória Barbosa,Modas,"1.244,21",order_id inválido
1905,2023-10-10,Ana Oliveira,Esporte,"0,00",valor não positivo
1944,2024-03-19,Olívia Santos,Moda,"",valor ausente
1945,2023-08-28,Felipe Ferreira,misc,"4.037,63",categoria desconhecida
1947,2023-09-14,Vitória Queiroz,diversos,"4.980,02",categoria desconhecida
0,2023-13-24,Rafael Ferreira,Moda,$ 3093.34,order_id inválido; data inválida
1964,2024-08-18,"",Moda,"R$ 425,18",cliente ausente
  1976,2024-13-22,Paulo Nogueira,Casa e Decoração,"3.619,87",data inválida
1982,2023-09-14,"",LIVRO,$ 3167.90,cliente ausente
1986,2024-08-21,"",casa,"  R$ 3.691,56",cliente ausente
1995,2024-11-29,  Rafael Martins,Moda,"",valor ausente
2010,2024-09-03  ,"",Casa e Decoração,"2.485,32",cliente ausente
2029,Sep 02 2023,Ana Barbosa,Casa,-,valor inválido
ORD-1023,2024-07-13  ,Lucas Pereira,Esporte,USD 989.33,order_id inválido
2031,2024-10-02,Olívia Nogueira,misc,"R$ 2.699,98",categoria desconhecida
2035,11/10/2024,"",LIVRO,"3.741,56  ",cliente ausente
  2046,2023-08-13,Bruno Klein,livros,"",valor ausente
2057,2023-11-09,"",misc,"R$ 1.860,13",cliente ausente; categoria desconhecida
2061,2024-02-15,"",  livros,"R$ 4.814,84",cliente ausente
2074,2023-01-15,Ana Lopes,Esporte,"",valor ausente
2078,03/02/2024,"",eletronicos,"R$ 2.174,53  ",cliente ausente
2082,30/04/2024,Lucas Teixeira,esporte,"",valor ausente
2084,26/04/2024,Bruno Ferreira,  Moda,"",valor ausente
2099,2024-02-27,Tiago Vasconcelos,outros,"R$ 3.545,01",categoria desconhecida
2122,2024-13-21,Nuno Henriques,outros,"4.067,68",data inválida; categoria desconhecida
0  ,2024-02-19,Olívia Ribeiro,moda,"R$ 3.561,24",order_id inválido
2151,12/03/2024,"",vestuario,"R$ 208,48",cliente ausente
2153,2023-03-21,Paulo Vasconcelos,Livros,"",valor ausente
2154,2024-03-08,  Nuno Martins,misc,"3.817,96",categoria desconhecida
2155,2024-12-03,Carla Jesus,ESPORTE,"",valor ausente
2161,2023-09-28,"",outros,$ 3097.41,cliente ausente; categoria desconhecida
  2162,2024-13-28,Tiago Gomes,Livros,"R$ 4.191,78",data inválida
ORD-1023,2024-04-04,Tiago Klein  ,casa,"1.822,23",order_id inválido
2172,2023-13-21,Mariana Oliveira,esporte,USD 2138.15,data inválida
2174,2023-11-19,"",outros,"498,53",cliente ausente; categoria desconhecida
2179,2024-05-29,Isabela Pereira,Livros,"0,00",valor não positivo
2183,Jun 04 2023,"",Eletrônicos,"577,23",cliente ausente
2198,2024-04-02 10:30:00,Sofia Carvalho,livros,n/a,valor inválido
2208,2024-07-27,"",Moda,"2.396,63",cliente ausente
2219,16/08/2024,"",  livros,"R$ 4.304,21  ",cliente ausente
0,2024-04-04,Eduarda Carvalho,esporte,"R$ 4.744,02",order_id inválido
  2229,2023-08-27  ,"",livros,"4.059,37",cliente ausente
2256,2024-03-06,Diego Martins,misc,"R$ 4.581,49",categoria desconhecida
2259,2023-06-14,Paulo Ribeiro,livraria,-,valor inválido
0,02/11/2024,Nuno Gomes  ,Esporte,"3.257,17",order_id inválido
2265,2024-12-21,Nuno Klein,misc,"R$ 3.183,69",categoria desconhecida
2270,2024-04-19,Nuno Queiroz,Eletrônicos,n/a,valor inválido
2273,2019-07-24,Carla Esteves,Livros,"201,02",data fora do intervalo
ORD-1023,23/02/2023,Paulo Barbosa,Esporte,"2.215,33",order_id inválido
2305,2024-13-29,  Henrique Almeida,Eletrônicos,"1.301,24",data inválida
2310  ,2024-13-25,Nuno Ribeiro,Casa,"2.144,19",data inválida
2312,2019-04-29,Carla Martins,Esporte,"R$ 2.800,16",data fora do intervalo
2318,2023-13-09,Felipe Vasconcelos,Eletrônicos,$ 1907.19,data inválida
"",2023-08-06,Carla Queiroz,Livros,"",order_id inválido; valor ausente
2332  ,2024-07-18,Carla Santos,MODA,n/a,valor inválido
2341,2024-13-15,Mariana Pereira,Casa,$ 1968.98,data inválida
2352,Oct 24 2023,"",  Livros,$ 3448.66,cliente ausente
2361,09/07/2023,Felipe Oliveira,vestuario,n/a,valor inválido
2362,2024-04-07,Eduarda  Teixeira,Esporte,"",valor ausente
2368,  Mar 29 2023,Felipe Henriques,Livros,n/a,valor inválido
2369,2023-13-19,Diego Ferreira,misc,"R$ 1.438,79",data inválida; categoria desconhecida
2381,2024-10-16,"",Moda,"544,19",cliente ausente
ORD-1023,2023-08-26,Carla Klein,Moda,n/a,order_id inválido; valor inválido
2394,2019-01-13,  Tiago Ferreira,Casa e Decoração,"1.786,96",data fora do intervalo
2410,2023-13-14,Bruno Esteves,Casa,  USD 2398.24,data inválida
2418,  2019-06-11,Gabriela Jesus,ELETRONICOS,n/a,data fora do intervalo; valor inválido
  2426,08/10/2024,Eduarda Henriques,outros,"1.696,81",categoria desconhecida
2429,2024-13-18,Vitória Henriques,Modas,"R$ 1.950,00",data inválida
  2433,2024-01-16,Eduarda Santos,Casa,n/a,valor inválido
2438,2023-09-16,"",MODA,"R$ 4.312,95",cliente ausente
2440,  2024-01-09,Ana Duarte,Esporte,"",valor ausente
2447,2023-12-12,João Santos,Casa,"0,00",valor não positivo
2460,2024-07-31,Ana Lopes,eletro,"",valor ausente
2467  ,2023-02-06,Lucas Henriques,outros,"4.966,20",categoria desconhecida
2473,2019-03-09,  Karina Klein,Casa,"R$ 131,23",data fora do intervalo
ORD-1023,2023-02-25,Henrique Nogueira,outros,"R$ 3.611,43",order_id inválido; categoria desconhecida
2482,09/07/2023,Paulo Esteves,vestuario,"",valor ausente
2484,2024-11-07,"",Moda,"R$ 3.345,89  ",cliente ausente
2487,01/08/2023,Lucas Esteves,casa,"0,00",valor não positivo
2492,2019-02-15,Rafael Ribeiro,  Casa e Decoração,"",data fora do intervalo; valor ausente
2494,Apr 27 2024,Isabela Gomes,esporte,-,valor inválido
  730,2023-07-22,Paulo Vasconcelos,livraria,"",order_id duplicado irreconciliável; valor ausente
2504,2019-06-24,Rafael Almeida,Casa,"0,00",data fora do intervalo; valor não positivo
1969,  2024-10-02,Lucas Teixeira,Casa,"",order_id duplicado irreconciliável; valor ausente
359,2023-09-08,João Teixeira,"",$ 2700.73  ,order_id duplicado irreconciliável
2512,2023-05-25 10:30:00,Felipe Pereira,livros,"",valor ausente
2529,2023-02-20,Isabela Pereira,outros,"2.000,19",categoria desconhecida
2532,2019-12-24,Rafael Nogueira,Esporte,"R$ 2.704,94",data fora do intervalo
2541,2023-05-09,Gabriela Ferreira,outros,"R$ 1.546,57",categoria desconhecida
2542  ,2023-13-24,Nuno Henriques,Casa,"2.905,53",data inválida
2291,2024-10-25,"",Moda,"R$ 1.926,51",order_id duplicado irreconciliável; cliente ausente
329,2024-04-26,"",Livros,"R$ 2.272,65",order_id duplicado irreconciliável; cliente ausente
2569,14/07/2023,Nuno Ribeiro,"","0,00",valor não positivo
2572,2024-13-16,Carla Duarte,Livros,"R$ 318,79",data inválida
2580,2023-03-16,"",Esporte,"R$ 798,55",cliente ausente
865,2024-02-05,"",Eletrônicos,"  393,62",order_id duplicado irreconciliável; cliente ausente
2586,2024-05-29,Rafael Barbosa,Eletrônicos,n/a,valor inválido
2595,  2024-01-09,"",Livros,"",cliente ausente; valor ausente
211,2024-09-09,Gabriela Klein,"",$ 222.22,order_id duplicado irreconciliável
1415,09/09/2023,Henrique Oliveira,eletronicos,"",order_id duplicado irreconciliável; valor ausente
95,2023-08-09 10:30:00,Bruno Barbosa,Esporte,"",order_id duplicado irreconciliável; valor ausente
1632,2023-10-28,Rafael Jesus,"",USD 4591.05,order_id duplicado irreconciliável
2657,18/01/2023,"",Moda,"R$ 505,35",cliente ausente
1676,2024-04-02,"",Casa,"R$ 1.578,58",order_id duplicado irreconciliável; cliente ausente
1342,06/02/2023,"",Casa  e Decoração,"1.712,45",order_id duplicado irreconciliável; cliente ausente
2669,2024-13-14,Bruno Santos,Esporte,"R$ 3.555,06",data inválida
2671,2024-10-02,"",misc,"R$ 1.469,02",cliente ausente; categoria desconhecida
  1531,07/07/2023,Lucas Ferreira,"","4.138,79",order_id duplicado irreconciliável
2333,2023-08-19,Bruno Almeida,Eletrônicos,"",order_id duplicado irreconciliável; valor ausente
2701,2023-13-25,Isabela Klein,Casa,USD 3444.86,data inválida
1342,06/02/2023,Carla Barbosa,"","1.712,45",order_id duplicado irreconciliável
2704,2023-13-26,Gabriela Esteves,Casa,"R$ 1.758,15",data inválida
2708,2024-07-24 10:30:00,Bruno Almeida  ,casa,n/a,valor inválido
2716,2023-13-30,Lucas Duarte,Moda,USD 1483.68,data inválida
0,2023-12-12,  Olívia Queiroz,Casa e Decoração,"3.745,63",order_id inválido
2726,  2023-10-06,"",Casa e Decoração,"1.067,25",cliente ausente
2727,2019-09-20,Mariana Gomes,esporte,"R$ 3.211,18",data fora do intervalo
2734,2024-04-27 10:30:00,Bruno Martins,diversos,"R$ 3.824,67",categoria desconhecida
  2471,May 23 2024,"",Casa e Decoração,$ 1210.30,order_id duplicado irreconciliável; cliente ausente
2321,05/06/2024,Nuno Gomes,eletro,"",order_id duplicado irreconciliável; valor ausente
1204,2024-06-21,  Rafael Jesus,MODA,"",order_id duplicado irreconciliável; valor ausente
  1714,25/07/2024,"",Eletrônicos,"1.115,32  ",order_id duplicado irreconciliável; cliente ausente
2764,2023-02-05,"",Casa,"1.787,03",cliente ausente
38,2024-07-30,"",Livros,"R$ 2.621,84",order_id duplicado irreconciliável; cliente ausente
1096,2024-05-17,Isabela Gomes,"","4.799,12",order_id duplicado irreconciliável
2782,2024-11-05,Sofia Barbosa  ,misc,"3.294,13",categoria desconhecida
2783,2023-11-18,Sofia Lopes,Eletrônicos,"-50,00",valor não positivo
1381,02/10/2024,"",Livros,"1.799,82",order_id duplicado irreconciliável; cliente ausente
2792,2023-11-30  ,Henrique Queiroz,Casa,n/a,valor inválido
1574,31/05/2023,Tiago Carvalho,"",$ 4499.59,order_id duplicado irreconciliável
429,2023-09-11,"",Esporte,USD 2363.40,order_id duplicado irreconciliável; cliente ausente
1509,2023-13-22,"",vestuario,"3.896,27  ",order_id duplicado irreconciliável; data inválida; cliente ausente
202,2024-05-25,Diego Queiroz,"",-,order_id duplicado irreconciliável; valor inválido
2799,24/08/2024,Eduarda Oliveira,outros,"3.057,47",categoria desconhecida
2808,27/04/2023,Karina Gomes,Eletrônicos,n/a,valor inválido
1399,2024-06-21,João Barbosa,Modas,"",order_id duplicado irreconciliável; valor ausente
2811,2023-06-15,Ana Ferreira,Casa,-,valor inválido
2820,Feb 12 2024,"",casa,"R$ 1.396,36",cliente ausente
2824,23/07/2023,Paulo Esteves,diversos,"R$ 143,44",categoria desconhecida
2829,20/03/2023,Bruno Esteves  ,Livros,"",valor ausente
2386,2024-06-25,Tiago Pereira,"","2.444,25",order_id duplicado irreconciliável
2835,07/04/2024,Bruno Santos,Eletrônicos,"",valor ausente
1666,2023-11-15 10:30:00,Felipe Henriques,"","993,08",order_id duplicado irreconciliável
648,2024-05-07,Bruno Klein,Eletrônicos,"",order_id duplicado irreconciliável; valor ausente
2841,2024-07-16,Carla Pereira,Moda,n/a,valor inválido
2849,19/09/2023,Ana Santos,misc,$  586.21,categoria desconhecida
2857,25/04/2023,Diego Esteves,outros,"",categoria desconhecida; valor ausente
2860,22/05/2024,Gabriela Esteves,Eletrônicos,"",valor ausente
2861,2023-10-15  ,"",Livros  ,"4.468,42",cliente ausente
2242,2024-04-21,  Mariana Teixeira,"",$ 3361.74,order_id duplicado irreconciliável
2879,2019-12-18,Karina Queiroz,Casa,  USD 1061.74,data fora do intervalo
976,27/08/2024,"",eletro  ,"R$ 1.096,54",order_id duplicado irreconciliável; cliente ausente
2883,2023-08-08,Rafael Barbosa,diversos,"276,30",categoria desconhecida
2889,2023-03-22,Rafael Jesus,outros,"R$ 3.351,99",categoria desconhecida
546,2024-10-24,"",livros,"R$ 1.937,15",order_id duplicado irreconciliável; cliente ausente
1065,2024-04-14,Mariana Klein,"","R$ 1.805,25",order_id duplicado irreconciliável
2906,2024-03-07,Nuno Carvalho,misc,$ 1770.04,categoria desconhecida
2908,2024-10-26,"",Livros,$ 3453.49,cliente ausente
2910,2024-02-17,  Karina Pereira,outros,"R$ 4.806,71",categoria desconhecida
2912,2019-12-22,Diego Ribeiro,LIVRO,"519,45",data fora do intervalo
2125,2024-03-28  ,Karina Santos,Esporte,"",order_id duplicado irreconciliável; valor ausente
2931,2023-10-02,Vitória Teixeira,Moda,"  0,00",valor não positivo
  523,2024-01-06,Paulo  Gomes,diversos,"",order_id duplicado irreconciliável; categoria desconhecida; valor ausente
2940,Aug 05 2023,"","","2.668,81",cliente ausente
2946,2023-03-21,"",Casa,n/a,cliente ausente; valor inválido
2948,26/11/2023,Ana Oliveira,Casa,"",valor ausente
2953,2023-07-02,João Barbosa,Livros,-  ,valor inválido
2954,2024-01-26,"",  Esporte,"R$ 4.776,98",cliente ausente
1711,15/02/2024,"",Esporte,"",order_id duplicado irreconciliável; cliente ausente; valor ausente
2958  ,2024-11-18,Paulo Barbosa,diversos,USD 3227.49,categoria desconhecida
2974,2024-03-04,Gabriela Vasconcelos,Casa e Decoração,"",valor ausente
2976,28/02/2023,Karina Henriques,misc,"R$ 104,91",categoria desconhecida
2982,2019-03-08,Felipe Esteves,LIVRO,"R$ 3.316,41",data fora do intervalo
2984,30/04/2023,Carla Queiroz,moda  ,"0,00",valor não positivo
2995,2023-13-27,Isabela Teixeira,  casa,"R$ 3.752,19",data inválida
284,  2023-06-24,"",moda  ,"R$ 3.846,99  ",order_id duplicado irreconciliável; cliente ausente
486,2023-03-18,"",Eletrônicos  ,"583,70",order_id duplicado irreconciliável; cliente ausente
3011,02/10/2023,Carla Jesus,ELETRONICOS,"0,00  ",valor não positivo
3018,2024-11-30,"",Moda,"2.418,44",cliente ausente
"",2023-06-24,Rafael Santos,Esportes,"3.871,67",order_id inválido
3023,2023-13-27,Felipe Ferreira,Esporte,USD 2467.72,data inválida
3035,2023-13-17,Eduarda Lopes,Moda,"",data inválida; valor ausente
3039,2024-09-03,"",Esporte,USD 179.03,cliente ausente
3040,2024-13-23,  Isabela Carvalho,Livros,"0,00",data inválida; valor não positivo
  3046,2024-13-07,Diego Esteves,Esporte,"3.311,00",data inválida
3047,2023-13-25,Paulo Oliveira,Esporte,$ 3688.39,data inválida
3054  ,2023-05-10,Karina Nogueira,diversos,"4.877,26",categoria desconhecida
3061,08/03/2024,Isabela Oliveira,misc,"3.898,90",categoria desconhecida
  3063,2024-09-17,Carla Barbosa,eletronicos,"",valor ausente
3069,Oct 25 2024,Rafael Nogueira,misc,"4.218,71",categoria desconhecida
3072,2023-10-22,Carla Esteves,Eletrônicos,"",valor ausente
0,2023-07-10,Paulo Queiroz,"",USD 3218.42,order_id inválido
3074,2023-04-01,"",Livros,USD 1097.90,cliente ausente
ORD-1023,2024-06-12,Eduarda Henriques,Esporte,"955,53",order_id inválido
3079,2023-10-10 10:30:00,Gabriela Gomes,diversos,USD 2912.37,categoria desconhecida
3086,2024-12-28,Sofia Pereira,Esportes,n/a  ,valor inválido
659,Aug 04 2023,Eduarda Lopes,"","802,28",order_id duplicado irreconciliável
74,03/06/2023,"",Casa,"2.982,67",order_id duplicado irreconciliável; cliente ausente
3098,2024-13-05,Rafael Gomes,Casa,"150,68",data inválida
3106,2023-06-08,Gabriela Barbosa,Casa,n/a,valor inválido
2041,13/10/2023,"",esporte,"R$ 3.756,22",order_id duplicado irreconciliável; cliente ausente
3114,2023-03-15,"",  Livros,"663,71",cliente ausente
3116,2023-10-17  ,Felipe Carvalho,Casa,-,valor inválido
771,2023-12-01  ,Paulo Ribeiro,"","3.311,13",order_id duplicado irreconciliável
3148,2024-13-14,Rafael Jesus  ,Moda,"209,30",data inválida
98,2023-12-11,Rafael Santos,esporte  ,"",order_id duplicado irreconciliável; valor ausente
1494,15/09/2024,Mariana Jesus,"","R$ 3.232,28",order_id duplicado irreconciliável
3177,2023-09-26,Olívia Almeida,casa,"0,00",valor não positivo
3186,2019-01-16,Carla Jesus,vestuario,"R$ 3.059,30",data fora do intervalo
1548,2024-02-27 10:30:00,Isabela Oliveira,Moda,"",order_id duplicado irreconciliável; valor ausente
3189,13/02/2024,Olívia Jesus,outros,"206,27",categoria desconhecida
2003,2023-10-02,Henrique Nogueira,Livros,"",order_id duplicado irreconciliável; valor ausente
  3194,2024-13-23,Lucas Lopes,Moda,"R$ 2.990,89",data inválida
1880,2024-09-09,Paulo Klein,Casa,"",order_id duplicado irreconciliável; valor ausente
982,2023-09-17,"",Livros,"52,24",order_id duplicado irreconciliável; cliente ausente
474,2023-05-03,Diego Queiroz,ESPORTE,"",order_id duplicado irreconciliável; valor ausente
3235,2019-05-27,Ana Nogueira,Esporte,$  2507.33,data fora do intervalo
3239,2024-13-25,Olívia Klein  ,"","4.284,92",data inválida
297  ,23/09/2024,Karina Gomes,"",USD 4014.88,order_id duplicado irreconciliável
3249,  2024-13-06,Nuno Carvalho,Eletrônicos,"R$ 2.497,22",data inválida
3275,2019-05-09,Lucas Jesus,Esporte,"  4.526,11",data fora do intervalo
3276,2023-03-25,Karina Esteves,Eletrônicos,-,valor inválido
3277,2023-04-22,Felipe  Barbosa,MODA,-,valor inválido
1185  ,2023-03-25,"",Esporte,"3.387,03",order_id duplicado irreconciliável; cliente ausente
3288,2023-07-20,Nuno Lopes,misc  ,"R$ 348,65  ",categoria desconhecida
3298,2023-02-17,Rafael  Queiroz,misc,"866,03",categoria desconhecida
3301  ,2023-06-19,  Isabela Teixeira,Casa,"",valor ausente
3302,12/10/2023,Paulo Gomes,diversos,"R$ 4.743,30",categoria desconhecida
3322,2024-13-18,João Esteves,  Esporte,"R$ 4.838,05",data inválida
1010,Jan 26 2024,Ana Queiroz,livraria,"",order_id duplicado irreconciliável; valor ausente
267,Sep 01 2024,Bruno Teixeira,"","2.182,35",order_id duplicado irreconciliável
3334,2024-01-02,Tiago  Lopes,diversos,"R$ 4.811,49",categoria desconhecida
1632,2023-10-28,Rafael Jesus,"",USD 4591.05,order_id duplicado irreconciliável
3356,2024-01-02,Felipe Vasconcelos,Livros,n/a,valor inválido
3359,2024-13-03,Gabriela Esteves,Casa,"648,57",data inválida
3374,2023-04-02,Carla Teixeira,casa,"",valor ausente
3388,Dec 14 2024,Nuno Barbosa,Casa  ,"-50,00",valor não positivo
2069,2023-10-01,Eduarda Gomes,Esporte,"",order_id duplicado irreconciliável; valor ausente
ORD-1023,2023-03-22  10:30:00,Vitória Gomes,  Casa,"",order_id inválido; valor ausente
3396,  2024-04-17,Olívia Martins,Casa,n/a,valor inválido
3401,2024-10-26,Vitória Santos,Livros,-,valor inválido
3409,2024-08-24,Lucas Almeida,Casa e Decoração,"",valor ausente
3424,2023-09-16,Nuno Gomes,Modas,n/a,valor inválido
3425,2023-01-12,Lucas Teixeira,livros,-,valor inválido
3428,2019-04-05,Paulo Barbosa,ELETRONICOS,"R$ 103,83",data fora do intervalo
ORD-1023,2023-02-25,Henrique Nogueira,"","R$ 3.611,43",order_id inválido
3433,05/04/2023  ,"",Esporte,"4.068,25",cliente ausente
3440,  2024-13-03,Bruno Duarte,Livros,"2.712,08",data inválida
3442,2023-13-19,João Gomes,"","2.278,94",data inválida
"",24/10/2024,Bruno Santos,Eletrônicos,"306,24",order_id inválido
3462,2023-13-11,Ana Nogueira,Casa,"458,81",data inválida
3468,27/06/2023,"",Livros,$ 3206.19,cliente ausente
3471  ,2024-02-03,"",eletronicos,"R$ 1.080,71",cliente ausente
3472,2024-13-09,  Vitória Barbosa,Eletrônico,USD 745.87,data inválida
822,24/04/2023,Ana Oliveira,"","R$ 633,54",order_id duplicado irreconciliável
  3485,29/06/2024,Bruno Ribeiro,Moda,n/a,valor inválido
0,05/10/2024,Vitória Ferreira  ,Livros,"1.592,46",order_id inválido
1961,25/06/2024,"",Moda,USD  4789.18,order_id duplicado irreconciliável; cliente ausente
3502  ,2023-05-31,Rafael Nogueira,ESPORTE,"",valor ausente
3508,Nov 19 2023,João Henriques,Moda,"0,00",valor não positivo
3516,2024-05-28,Carla Teixeira,Eletrônicos,-,valor inválido
1576,09/07/2024  ,Diego Duarte,"","R$ 2.607,72",order_id duplicado irreconciliável
404,2024-08-08  ,Rafael Esteves,Casa,"",order_id duplicado irreconciliável; valor ausente
1805,2023-09-01,"",Casa,"283,47",order_id duplicado irreconciliável; cliente ausente
2124,2024-03-28  ,"",Moda,"R$ 1.202,94",order_id duplicado irreconciliável; cliente ausente
3536,04/05/2023,Mariana Martins,outros,"R$ 3.543,52",categoria desconhecida
529,14/11/2024,Nuno Gomes,Livros,"",order_id duplicado irreconciliável; valor ausente
1054  ,2023-04-09,"",Casa,"4.496,83",order_id duplicado irreconciliável; cliente ausente
3543,2024-08-18,"",Esportes,"R$ 323,62",cliente ausente
413,2023-10-14,Gabriela Vasconcelos,Casa,"",order_id duplicado irreconciliável; valor ausente
3546,2023-09-24,Nuno Martins,Casa,-,valor inválido
1777,2023-10-23,Henrique Queiroz,Esportes,"",order_id duplicado irreconciliável; valor ausente
3560,2023-11-09,Felipe Nogueira,misc,"R$ 766,51",categoria desconhecida
542  ,12/08/2024,Olívia Klein,livraria,"",order_id duplicado irreconciliável; valor ausente
1211,2024-04-15,João Ferreira,"","R$ 3.902,26",order_id duplicado irreconciliável
3572,2024-13-30,Isabela Oliveira,  Esporte,"1.886,38  ",data inválida
"",2023-02-11,Rafael Ribeiro,Esporte,"R$ 2.824,16",order_id inválido
3574,2023-08-06 10:30:00,Rafael Vasconcelos,Moda,"",valor ausente
3581,2019-10-19,Olívia Santos,Moda,"3.393,62",data fora do intervalo
ORD-1023,2023-07-23,"",eletronicos,"R$ 2.631,81",order_id inválido; cliente ausente
1112,10/01/2023,  Felipe Gomes,Livros,"",order_id duplicado irreconciliável; valor ausente
3607,2024-09-30,Tiago Santos,MODA,"",valor ausente
2456,Jun 19 2024,  Mariana Duarte,"","R$ 1.641,55",order_id duplicado irreconciliável
3622,20/12/2023,Vitória Queiroz,Casa,"",valor ausente
1425,19/03/2024  ,Carla Jesus,"","4.757,00",order_id duplicado irreconciliável
302,Mar  21 2024,Lucas Carvalho,Esporte,"",order_id duplicado irreconciliável; valor ausente
3630,16/03/2024,"",Casa,"R$ 1.500,66",cliente ausente
3632,2024-12-20,"",Moda,"R$ 4.136,92",cliente ausente
  353,  2023-01-14,Paulo Duarte,"",USD 2014.65,order_id duplicado irreconciliável
417,02/08/2024,Vitória Teixeira,esporte,"",order_id duplicado irreconciliável; valor ausente
3647,2023-13-18,Paulo Oliveira,Esporte,"R$ 929,43",data inválida
3654,2019-03-19  ,Karina Klein,Eletrônicos,$ 1806.19,data fora do intervalo
2108,2023-03-29,"",Modas,USD 2742.45,order_id duplicado irreconciliável; cliente ausente
3662,10/11/2024,Tiago Lopes  ,  Esporte,n/a,valor inválido
1802,2024-12-05,"",Moda,"1.171,80",order_id duplicado irreconciliável; cliente ausente
3675,  Dec 14 2024,"",Eletrônicos  ,"3.678,23",cliente ausente
  3684,2023-05-27,"",Esporte,"R$ 768,13  ",cliente ausente
301,04/03/2023,"",Eletrônicos,"1.471,32",order_id duplicado irreconciliável; cliente ausente
3692,22/04/2024,Paulo Oliveira,diversos,"R$ 299,25",categoria desconhecida
3705,2019-12-16,Carla Esteves,Casa,"R$ 1.549,78",data fora do intervalo
3709  ,2019-12-20,Eduarda Teixeira,Livros,"R$ 2.978,42",data fora do intervalo
2342,21/12/2023,Sofia Queiroz,moda,"",order_id duplicado irreconciliável; valor ausente
3716,2024-01-12 10:30:00,Olívia  Ferreira,diversos,"2.086,29",categoria desconhecida
3722,2023-01-13,Paulo Carvalho,diversos,"3.452,13",categoria desconhecida
3729,Oct 04 2023,Tiago Duarte,Esporte,  n/a,valor inválido
1367,2024-07-16  ,Sofia Martins,"","R$ 4.706,18",order_id duplicado irreconciliável
3739,2023-01-23,Felipe Esteves,Livros,"",valor ausente
3740,2023-13-25,Eduarda Klein,Esporte,$ 129.40,data inválida
ORD-1023,2023-04-08,Lucas Jesus,casa_decoracao,"3.169,92",order_id inválido
3744,2024-13-03,Diego Ferreira,"",USD 4319.00,data inválida
3746  ,2024-02-22,"",livraria,"R$ 1.537,91",cliente ausente
1084,15/10/2024,Rafael Ribeiro,Livros,"",order_id duplicado irreconciliável; valor ausente
  3750,22/11/2024,Ana Barbosa,moda,n/a,valor inválido
737,2024-06-26,Lucas Esteves,"","4.723,04",order_id duplicado irreconciliável
76,2024-11-08,"",MODA,USD 1833.78,order_id duplicado irreconciliável; cliente ausente
473,2023-02-04,"",Esporte,"3.464,42",order_id duplicado irreconciliável; cliente ausente
3777,2024-13-22,Diego Nogueira,Moda,"  2.389,90",data inválida
3787,2024-08-16 10:30:00,"",Moda,"R$ 1.152,33",cliente ausente
3788,13/07/2023,Nuno Martins,misc,"",categoria desconhecida; valor ausente
3794,07/12/2023,Ana Duarte,Esporte,"-50,00",valor não positivo
3811,  14/12/2024,Carla Jesus,misc,"  R$ 4.092,04",categoria desconhecida
3814,Feb 22 2023,Nuno Santos,Moda  ,"",valor ausente
892,2024-12-07,Henrique Oliveira,Livros,"",order_id duplicado irreconciliável; valor ausente
3832,2024-13-18,Lucas Esteves,Casa,"2.280,87",data inválida
ORD-1023,2024-10-13,Henrique Almeida,ELETRONICOS,"R$ 3.674,59",order_id inválido
3854,24/08/2023,"",esporte,"3.207,56",cliente ausente
3863,2019-04-27,Vitória Oliveira,Livros,"",data fora do intervalo; valor ausente
3897,19/01/2023,Carla Teixeira,Livros,"",valor ausente
3898,Jul 07 2024,"",moda,"",cliente ausente; valor ausente
3913,2024-05-20 10:30:00,Carla Pereira,Esporte,-  ,valor inválido
  3916,2024-05-15,"",Esporte,"R$ 1.138,91",cliente ausente
465,19/04/2023,"",Casa,"R$ 1.302,66",order_id duplicado irreconciliável; cliente ausente
3946,2023-13-08,Rafael Lopes,Esporte,USD 1848.58,data inválida
  3947,2023-11-08,Lucas Vasconcelos,Esporte,"",valor ausente
3948,2023-06-30 10:30:00,Mariana Duarte,Eletrônico,"",valor ausente
3952,15/12/2024,João Queiroz,Eletrônicos,"",valor ausente
3960,24/03/2024,Isabela Oliveira,misc,"1.285,84",categoria desconhecida
3965,2024-03-19,Mariana Henriques  ,Eletrônicos,"",valor ausente
2437,21/11/2024,Olívia Queiroz,"","1.937,73  ",order_id duplicado irreconciliável
3981,23/07/2023,"",Moda,"1.448,01",cliente ausente
3982,  2019-12-30,Mariana Pereira,Eletrônicos,"3.540,95",data fora do intervalo
3985,2023-12-06,Paulo Teixeira,Moda,"",valor ausente
3987,2023-02-23,"","","4.957,99",cliente ausente
607,2024-07-13 10:30:00,Olívia Henriques,  Eletrônicos,"",order_id duplicado irreconciliável; valor ausente
4007,2024-03-25,Olívia Ferreira,Livros,n/a  ,valor inválido
ORD-1023,2023-01-30,João Nogueira,Casa e Decoração,"2.746,18",order_id inválido
4018  ,2023-13-20,Paulo Almeida,Casa,"R$ 537,35",data inválida
1627  ,14/03/2023,Isabela Oliveira,Esporte,"",order_id duplicado irreconciliável; valor ausente
ORD-1023,2023-01-06,Lucas Almeida,  casa_decoracao,"R$ 2.456,09",order_id inválido
4031,  2023-08-16 10:30:00,"",Livros,"2.409,25",cliente ausente
"",2024-01-23,Tiago Barbosa,"",$ 2920.40,order_id inválido
1515,2024-12-21,Ana Carvalho,"","2.003,32",order_id duplicado irreconciliável
4046,2023-13-22,Karina Carvalho,Eletrônicos,"4.163,99",data inválida
4048,2024-13-28,Isabela Queiroz  ,  Esporte,"R$ 437,66",data inválida
4049  ,Sep 30 2024,"",Esporte  ,"3.494,23",cliente ausente
4053,  2023-13-19,Bruno Vasconcelos,Casa,$ 2956.94,data inválida
1686,05/02/2023,"",Casa,"R$ 2.468,16",order_id duplicado irreconciliável; cliente ausente
4057  ,2023-04-07,João Pereira,misc,"R$ 4.567,14",categoria desconhecida
1473,08/03/2023,Lucas Martins,"",USD 1547.58,order_id duplicado irreconciliável
4063,  2019-01-26,Diego Ferreira,esporte,"2.542,28",data fora do intervalo
4073,2023-04-06,Mariana Teixeira,misc,"1.229,92",categoria desconhecida
57,2024-03-05 10:30:00,Eduarda Oliveira,Livros,"",order_id duplicado irreconciliável; valor ausente
4085,2024-09-09,"",Esporte,"3.040,18",cliente ausente
1211,2024-04-15,"",Casa e Decoração,"R$ 3.902,26",order_id duplicado irreconciliável; cliente ausente
4097,2023-02-15,Sofia Carvalho,outros,"1.547,48",categoria desconhecida
1263,2023-08-19,Gabriela Lopes  ,"","3.833,60  ",order_id duplicado irreconciliável
4100,2023-07-23,"",outros,"2.384,08",cliente ausente; categoria desconhecida
4101,17/07/2024,Rafael Henriques,Eletrônicos,"0,00",valor não positivo
391,22/01/2023,"",Moda,"4.609,31",order_id duplicado irreconciliável; cliente ausente
4119,Nov 28 2023,"",Eletrônicos,"4.479,21",cliente ausente
4127,2023-03-02,"","","3.541,99",cliente ausente
1121,2024-03-12,"",Moda,USD 3621.81,order_id duplicado irreconciliável; cliente ausente
4137,05/12/2024,Ana Duarte,Casa,n/a,valor inválido
4138,10/08/2023,Olívia Esteves,misc,$ 3233.13,categoria desconhecida
4141,2024-13-15,Diego Martins,Casa,"813,82",data inválida
779,Jan 25 2024,Isabela Gomes,Livros,"",order_id duplicado irreconciliável; valor ausente
1733,2024-04-28,"",Livros,USD  659.73,order_id duplicado irreconciliável; cliente ausente
1040,2024-05-12 10:30:00,Gabriela Pereira,Eletrônicos,"",order_id duplicado irreconciliável; valor ausente
4154,2023-07-10,Isabela Vasconcelos,misc,"R$ 729,88  ",categoria desconhecida
1759,30/09/2023,"",MODA,"3.922,47",order_id duplicado irreconciliável; cliente ausente
4168,10/08/2024,Henrique Esteves,casa_decoracao,n/a,valor inválido
4169,2019-07-20  ,Eduarda Oliveira,livros,"1.510,22",data fora do intervalo
4179,2023-11-17  ,"",Livros,"4.559,34",cliente ausente
"",2023-08-05,Ana Ferreira,  Eletrônicos,"3.506,47  ",order_id inválido
50,2024-08-02,Felipe Ferreira,"","R$ 4.564,97",order_id duplicado irreconciliável
4195,Jan 21 2024  ,Mariana Henriques,Esporte,"0,00",valor não positivo
4196,07/05/2023,Carla Vasconcelos,vestuario,-,valor inválido
1123,2023-07-01,"",Casa,$ 458.62,order_id duplicado irreconciliável; cliente ausente
4208,2024-13-16,Gabriela Teixeira,Moda,"R$ 302,33",data inválida
1756,2024-09-30,Ana Henriques,casa,"",order_id duplicado irreconciliável; valor ausente
1718,2024-03-16,"",Eletrônicos,"3.172,99",order_id duplicado irreconciliável; cliente ausente
4211,Apr 09 2023,Vitória Vasconcelos,livraria,-,valor inválido
4223,Jun 30 2023,Mariana Ribeiro,Eletrônicos,"0,00",valor não positivo
4237,Oct 03 2024,Karina Duarte,Esporte,-,valor inválido
1144  ,2024-05-27,"",  Livros,"R$ 3.328,91",order_id duplicado irreconciliável; cliente ausente
4251,2024-11-03,Tiago Nogueira,outros,"R$ 4.955,88",categoria desconhecida
4277,  2019-12-15,Olívia Carvalho,diversos,"R$ 3.245,81",data fora do intervalo; categoria desconhecida
1455,  2023-05-06,Lucas Carvalho,"","4.978,33",order_id duplicado irreconciliável
4282,2023-01-31,Rafael Oliveira,ESPORTE,"",valor ausente
516,2024-02-05,"",esporte,n/a,order_id duplicado irreconciliável; cliente ausente; valor inválido
4300,2023-06-10,Carla Queiroz,Esporte,"",valor ausente
2307,02/05/2023,Olívia Carvalho,Casa e Decoração,"",order_id duplicado irreconciliável; valor ausente
4312,2024-01-22,Tiago Duarte,diversos,"2.223,97",categoria desconhecida
4313,2019-09-10,Carla Vasconcelos,Esportes  ,"R$ 812,89",data fora do intervalo
4326,2024-13-18,Nuno Duarte,Moda,"R$ 3.501,45",data inválida
310,29/06/2024,"",Esporte,"",order_id duplicado irreconciliável; cliente ausente; valor ausente
2074,2023-01-15,"",Esporte,"",order_id duplicado irreconciliável; cliente ausente; valor ausente
931,2023-02-02,João Jesus,"","334,48",order_id duplicado irreconciliável
512,2023-05-24,"",Casa,$ 573.91,order_id duplicado irreconciliável; cliente ausente
1067  ,2024-11-26,Mariana Nogueira,Esporte,"",order_id duplicado irreconciliável; valor ausente
515  ,2023-08-05  ,João Gomes  ,"","2.826,81",order_id duplicado irreconciliável
4349,2024-01-05,Bruno Queiroz,Eletrônicos,-,valor inválido
4353,22/12/2024,Carla Santos,misc,"  2.823,29",categoria desconhecida
4354,22/07/2024,Karina  Carvalho,Casa,n/a,valor inválido
1362,22/12/2023,Henrique Carvalho,"","3.377,52",order_id duplicado irreconciliável
4366,2023-13-31,Rafael Esteves,Casa,"R$ 2.568,24",data inválida
4376,2024-13-27,Henrique Ribeiro,Livros,"R$ 2.578,29",data inválida
  1053,2024-10-29,"",eletro,$ 3446.46,order_id duplicado irreconciliável; cliente ausente
4385,10/02/2023,Sofia Santos,misc,USD 4801.17,categoria desconhecida
2166,2024-11-29,"",casa,"4.564,25",order_id duplicado irreconciliável; cliente ausente
4387,2023-02-02,Lucas Carvalho,moda  ,"-50,00",valor não positivo
191,2023-04-01,Nuno Oliveira,Livros,"",order_id duplicado irreconciliável; valor ausente
4391,2023-13-22,Rafael Nogueira  ,vestuario  ,"2.170,53",data inválida
4397,  2024-13-20,João Martins,Eletrônicos,"-50,00",data inválida; valor não positivo
392,2024-10-30 10:30:00,"",Casa,"R$ 882,73",order_id duplicado irreconciliável; cliente ausente
4417,2024-13-24  ,Carla Pereira,Livros,"R$ 679,85",data inválida
1649,2024-11-02,Felipe Ribeiro,"","2.168,35",order_id duplicado irreconciliável
4428,09/08/2024,"",outros,"4.533,69",cliente ausente; categoria desconhecida
381,2024-12-25,Olívia Jesus,Eletrônicos,"",order_id duplicado irreconciliável; valor ausente
4446,2019-02-22,Bruno Ferreira,casa_decoracao,"3.467,74",data fora do intervalo
587,2023-06-03,"",Casa,"R$ 2.915,18",order_id duplicado irreconciliável; cliente ausente
259,2023-09-27,"",Esporte,USD 4286.14,order_id duplicado irreconciliável; cliente ausente
4471,2023-01-26,Bruno Almeida,outros,"R$ 3.237,64",categoria desconhecida
4472,2023-13-21,Sofia Jesus,casa,"4.554,46",data inválida
4478,2024-08-31,Bruno Martins,diversos,$ 4333.26  ,categoria desconhecida
4506,2019-05-24,Rafael Gomes,Moda,$ 1709.48,data fora do intervalo
4507,2023-04-25,Nuno Lopes,diversos,"288,91",categoria desconhecida
4510,2023-13-19,Mariana Duarte,ELETRONICOS,"  4.531,42",data inválida
4512,2023-12-24,Carla Carvalho,Moda,"",valor ausente
4518,2024-09-29,Paulo Santos,outros,"3.790,44  ",categoria desconhecida
1369,2024-10-15,Olívia Santos,"",$ 1179.60,order_id duplicado irreconciliável
1596,Dec 03 2023,"",Livros,"R$ 4.414,03",order_id duplicado irreconciliável; cliente ausente
1578,2023-01-24,Gabriela Lopes,"","",order_id duplicado irreconciliável; valor ausente
4567,Apr 23 2023,Vitória Nogueira,LIVRO,"",valor ausente
4575,2023-03-03,Karina Henriques,Moda,"",valor ausente
4596,2019-10-05,Diego Duarte,casa_decoracao,"R$ 3.779,51",data fora do intervalo
4601,Jan 27 2024  ,Eduarda Klein,diversos,"4.139,67",categoria desconhecida
458,2023-05-27,Gabriela Nogueira,"",USD 367.65,order_id duplicado irreconciliável
4615,2024-13-05,Diego Ribeiro  ,Livros,"276,79",data inválida
"",2023-08-05,Henrique Vasconcelos,casa_decoracao,USD  4117.72,order_id inválido
4644,Jun 06 2024,Bruno Esteves,Eletrônicos,"-50,00",valor não positivo
1237,2023-02-05  ,Karina Ferreira,"","3.208,08",order_id duplicado irreconciliável
0,  Apr 03 2024,Paulo  Santos,Esporte,USD 2204.35,order_id inválido
"",2023-08-06,Carla Queiroz,"","",order_id inválido; valor ausente
4655,2024-03-31,Mariana Queiroz,Eletrônicos,"",valor ausente
4673,2024-06-04,Nuno Santos,Casa,"",valor ausente
4691,2024-13-27,Mariana Ribeiro,LIVRO,"2.579,66",data inválida
4698,Jan 20 2023,"",Esporte,"R$  3.389,57",cliente ausente
2139,21/08/2024,Paulo Jesus,"","R$ 2.267,23  ",order_id duplicado irreconciliável
4712,2019-11-25,Sofia Almeida,Moda,-,data fora do intervalo; valor inválido
4715,05/02/2024,"",esporte,"R$ 2.620,21",cliente ausente
4717,Sep 30 2024,Carla Martins,moda,n/a,valor inválido
  1449,2023-03-06,"",outros,"2.672,88",order_id duplicado irreconciliável; cliente ausente; categoria desconhecida
4727,2024-13-24,Mariana Ferreira,Casa,"107,41",data inválida
4729,2024-01-24,Karina Ribeiro,diversos,"3.312,12  ",categoria desconhecida
ORD-1023,2024-01-29,Rafael Carvalho,Moda,"3.376,13",order_id inválido
4738,May 30 2024,Carla Oliveira,misc,"R$ 1.221,85",categoria desconhecida
4749,2024-08-20,Gabriela Lopes  ,Eletrônico,"",valor ausente
1916,30/03/2023,"",Eletrônicos,"R$ 3.518,24",order_id duplicado irreconciliável; cliente ausente
769,2023-03-03,Bruno Lopes,"","4.336,46",order_id duplicado irreconciliável
1099,2023-06-20,"",Moda,USD  193.42,order_id duplicado irreconciliável; cliente ausente
4785,2023-10-15,Eduarda Teixeira,ELETRONICOS,"-50,00",valor não positivo
4797,06/09/2024,Eduarda Lopes  ,moda,"0,00  ",valor não positivo
770  ,2024-09-05,"",Eletrônicos,"3.888,90",order_id duplicado irreconciliável; cliente ausente
4811,08/04/2024,"",Casa e Decoração,USD 1751.91,cliente ausente
4833,2024-06-02,Sofia  Nogueira,casa,n/a,valor inválido
4836,2023-12-24,"",Livros,"R$ 1.084,38",cliente ausente
4843,Jan 26 2024,Diego  Barbosa,moda,"",valor ausente
459,2023-07-06,"",moda,"975,31",order_id duplicado irreconciliável; cliente ausente
4860,2023-13-09,Henrique Barbosa,Esporte,"R$  967,58",data inválida
344,2024-05-07,Isabela Queiroz,Eletrônicos,"",order_id duplicado irreconciliável; valor ausente
  4866,2023-09-22,Tiago Duarte,diversos,USD 4272.80,categoria desconhecida
4867,2023-04-23,"",Esporte,"629,08",cliente ausente
2424,2023-12-10,Olívia Klein,Casa e Decoração,"",order_id duplicado irreconciliável; valor ausente
4871,2023-05-26  ,Nuno Carvalho,Moda,"",valor ausente
4892,2019-12-24  ,Mariana Barbosa,Moda,"  R$ 257,94",data fora do intervalo
763,19/02/2023,"",livros  ,n/a,order_id duplicado irreconciliável; cliente ausente; valor inválido
1608,25/02/2024,"",Moda,"R$ 4.100,86",order_id duplicado irreconciliável; cliente ausente
4904  ,2024-03-14,"",Livros,-,cliente ausente; valor inválido
2439,08/09/2023,Isabela Lopes,Livros,"",order_id duplicado irreconciliável; valor ausente
4912,23/06/2023,"",Casa,"4.318,51",cliente ausente
1464,01/05/2024,Carla Henriques,vestuario,"",order_id duplicado irreconciliável; valor ausente
  523,2024-01-06,"",diversos,"1.363,50",order_id duplicado irreconciliável; cliente ausente; categoria desconhecida
4952,2019-09-04,Felipe Duarte,Moda,"4.142,55",data fora do intervalo
2099,2024-02-27,Tiago Vasconcelos,outros,"",order_id duplicado irreconciliável; categoria desconhecida; valor ausente
4961,2024-13-26,Gabriela  Carvalho,Moda,"1.212,33",data inválida
691,2024-05-26,"",Moda,"R$ 470,17",order_id duplicado irreconciliável; cliente ausente
4978,2024-13-08,Sofia Vasconcelos,Eletrônicos,"R$ 1.673,37",data inválida
4985  ,2023-10-23,"",  casa,"0,00",cliente ausente; valor não positivo
4989,2024-06-05 10:30:00,"",Livros,"  3.835,97",cliente ausente
4995,Apr 23 2024,Bruno Oliveira,Livros,-,valor inválido
1659,2023-02-25,Carla Queiroz,"",USD  593.25,order_id duplicado irreconciliável
